{
  "model_name": "LightGBM",
  "version": "v1.0.0",
  "threshold": 0.7,
  "validation": {
    "threshold": 0.7,
    "accuracy": 0.8726319085642712,
    "precision": 0.43821943169926747,
    "recall": 0.5524660036533388,
    "f1_score": 0.48875521838667685,
    "roc_auc": 0.8444517750622565,
    "pr_auc": 0.4752199606732368,
    "tn": 72585,
    "fp": 6979,
    "fn": 4410,
    "tp": 5444
  },
  "test": {
    "threshold": 0.7,
    "accuracy": 0.859159791116901,
    "precision": 0.4331042143997778,
    "recall": 0.5817944413355717,
    "f1_score": 0.49655721393034824,
    "roc_auc": 0.8414114807873635,
    "pr_auc": 0.4644634407004937,
    "tn": 70924,
    "fp": 8165,
    "fn": 4484,
    "tp": 6238
  },
  "test_accuracy": 0.859159791116901,
  "test_precision": 0.4331042143997778,
  "test_recall": 0.5817944413355717,
  "test_f1": 0.49655721393034824,
  "test_roc_auc": 0.8414114807873635,
  "test_pr_auc": 0.4644634407004937
}